{
  "epochs": [
    1,
    2,
    3,
    4,
    5,
    6,
    7,
    8,
    9,
    10,
    11,
    12,
    13,
    14,
    15,
    16,
    17,
    18,
    19,
    20,
    21,
    22,
    23,
    24,
    25,
    26,
    27,
    28,
    29,
    30,
    31,
    32,
    33,
    34,
    35,
    36,
    37,
    38,
    39,
    40,
    41,
    42,
    43,
    44,
    45,
    46,
    47,
    48,
    49,
    50
  ],
  "train_loss": [
    1.8374262216567994,
    1.5352644897079468,
    1.4173860045623778,
    1.3306803422546387,
    1.2614998466873169,
    1.2068747434425353,
    1.1610573877716064,
    1.1335794779586792,
    1.1048147497940064,
    1.0810091498565675,
    1.0592232791900635,
    1.0388891849517823,
    1.0279713360977172,
    1.0060886052131652,
    0.996489220046997,
    0.9799908925437927,
    0.9682153475379944,
    0.949775268611908,
    0.9476979209899903,
    0.9367361129379272,
    0.9338601661682129,
    0.92556881275177,
    0.9149271066474914,
    0.9061045183944703,
    0.8978342047309875,
    0.8941028963088989,
    0.8962392973518372,
    0.8254115219306946,
    0.8139068426704407,
    0.8054238179206848,
    0.7976899803066254,
    0.7995359572410583,
    0.7941150494575501,
    0.792162621793747,
    0.7887001960945129,
    0.7842051745891571,
    0.7776500224494934,
    0.7752467740440369,
    0.7811533479785919,
    0.7754133555603028,
    0.769048039932251,
    0.7732024186515808,
    0.7725021260070801,
    0.7296006810855865,
    0.7217146680164337,
    0.7168170012283325,
    0.7146384407424927,
    0.709803825340271,
    0.7106498187923431,
    0.6881249345111847
  ],
  "train_accuracy": [
    0.30278,
    0.43156,
    0.4829,
    0.52428,
    0.55176,
    0.57234,
    0.58544,
    0.5993,
    0.61192,
    0.62144,
    0.63146,
    0.63584,
    0.6424,
    0.65222,
    0.65524,
    0.65954,
    0.66434,
    0.67162,
    0.67346,
    0.677,
    0.67942,
    0.68192,
    0.68738,
    0.68968,
    0.69424,
    0.69144,
    0.69306,
    0.7187,
    0.7216,
    0.72636,
    0.7273,
    0.72788,
    0.72988,
    0.73012,
    0.73298,
    0.73398,
    0.73554,
    0.73662,
    0.73244,
    0.73618,
    0.73758,
    0.73844,
    0.73654,
    0.75332,
    0.75526,
    0.75632,
    0.75712,
    0.75958,
    0.7579,
    0.76652
  ],
  "val_loss": [
    1.5132477495193482,
    1.3801880241394042,
    1.2318974786758423,
    1.1691663150787353,
    1.128588731956482,
    1.0315450496673584,
    1.0373292797088622,
    0.9904664688110352,
    1.0251094371795655,
    0.9258928013801575,
    0.8965080691337586,
    0.8569569729804992,
    0.8887925315856934,
    0.8714020882606507,
    0.9074030883789063,
    0.8260336396217346,
    0.8145345408439636,
    0.7904718558311462,
    0.7766706447601318,
    0.7554000502586364,
    0.7882382576942444,
    0.7929381112098693,
    0.7363829702377319,
    0.7712007152557373,
    0.7549086468696594,
    0.7554289315223693,
    0.7481214026451111,
    0.6765268756866455,
    0.6572115647792817,
    0.6503505325317382,
    0.651423551273346,
    0.6438760347366334,
    0.6485288286209107,
    0.6805786684036255,
    0.6656269074440002,
    0.6332485538005829,
    0.6549143815040588,
    0.6539083976268768,
    0.6281461679935455,
    0.6517433281421662,
    0.6345281153202057,
    0.6583702080726623,
    0.6380566866397858,
    0.60697079372406,
    0.5870836400032043,
    0.5937000267982483,
    0.5982688382148743,
    0.5968536611557007,
    0.5927772588729858,
    0.5714839401245118
  ],
  "val_accuracy": [
    0.433,
    0.486,
    0.5436,
    0.5757,
    0.5896,
    0.6339,
    0.6269,
    0.6409,
    0.6309,
    0.6688,
    0.6789,
    0.6893,
    0.6883,
    0.6933,
    0.6833,
    0.7079,
    0.7137,
    0.7224,
    0.729,
    0.7398,
    0.7279,
    0.7325,
    0.7492,
    0.7292,
    0.7373,
    0.7337,
    0.7434,
    0.7661,
    0.7691,
    0.773,
    0.772,
    0.7751,
    0.7719,
    0.7624,
    0.7711,
    0.7778,
    0.7717,
    0.7695,
    0.7829,
    0.7743,
    0.7793,
    0.7711,
    0.7761,
    0.7902,
    0.7952,
    0.7979,
    0.7955,
    0.7991,
    0.7963,
    0.8015
  ],
  "best_val_accuracy": 0.8015
}