{
  "epochs": [
    1
  ],
  "train_loss": [
    1.8285203023147583
  ],
  "train_accuracy": [
    0.3075
  ],
  "val_loss": [
    1.5513094707489015
  ],
  "val_accuracy": [
    0.4141
  ],
  "best_val_accuracy": 0.4141
}